2021-07-10 18:50:17.001773,dev/test
2021-07-10 18:50:17.115017,dev/test
2021-07-10 18:50:17.228232,dev/test
2021-07-10 18:50:17.341448,dev/test
2021-07-10 18:50:17.454665,dev/test
2021-07-10 18:50:17.567875,dev/test
2021-07-10 18:50:17.682044,dev/test
2021-07-10 18:50:17.795282,dev/test
2021-07-10 18:50:17.908498,dev/test
2021-07-10 18:50:18.021691,dev/test
2021-07-10 18:50:18.134936,dev/test
2021-07-10 18:50:18.248150,dev/test
2021-07-10 18:50:18.361368,dev/test
2021-07-10 18:50:18.474582,dev/test
2021-07-10 18:50:18.588746,dev/test
2021-07-10 18:50:18.701962,dev/test
2021-07-10 18:50:18.815207,dev/test
2021-07-10 18:50:18.929369,dev/test
2021-07-10 18:50:19.043564,dev/test
2021-07-10 18:50:19.156779,dev/test
2021-07-10 18:50:19.269990,dev/test
2021-07-10 18:50:19.383206,dev/test
2021-07-10 18:50:19.496425,dev/test
2021-07-10 18:50:19.609643,dev/test
2021-07-10 18:50:19.722853,dev/test
2021-07-10 18:50:19.836074,dev/test
2021-07-10 18:50:19.949294,dev/test
2021-07-10 18:50:20.062507,dev/test
2021-07-10 18:50:20.175721,dev/test
2021-07-10 18:50:20.289913,dev/test
2021-07-10 18:50:20.403135,dev/test
2021-07-10 18:50:20.516345,dev/test
2021-07-10 18:50:20.629558,dev/test
2021-07-10 18:50:20.742772,dev/test
2021-07-10 18:50:20.855989,dev/test
2021-07-10 18:50:20.969208,dev/test
2021-07-10 18:50:21.083372,dev/test
2021-07-10 18:50:21.196615,dev/test
2021-07-10 18:50:21.309833,dev/test
2021-07-10 18:50:21.423047,dev/test
2021-07-10 18:50:21.536265,dev/test
2021-07-10 18:50:21.650450,dev/test
2021-07-10 18:50:21.752930,dev/test
2021-07-10 18:50:21.867126,dev/test
2021-07-10 18:50:21.981481,dev/test
2021-07-10 18:50:22.083962,dev/test
2021-07-10 18:50:22.198153,dev/test
2021-07-10 18:50:22.311368,dev/test
2021-07-10 18:50:22.424585,dev/test
2021-07-10 18:50:22.537798,dev/test
2021-07-10 18:50:22.656048,dev/test
2021-07-10 18:50:22.760454,dev/test
2021-07-10 18:50:22.873697,dev/test
2021-07-10 18:50:22.990017,dev/test
2021-07-10 18:50:23.104174,dev/test
2021-07-10 18:50:23.206653,dev/test
2021-07-10 18:50:23.320846,dev/test
2021-07-10 18:50:23.434062,dev/test
2021-07-10 18:50:23.547304,dev/test
2021-07-10 18:50:23.660494,dev/test
2021-07-10 18:50:23.773709,dev/test
2021-07-10 18:50:23.888877,dev/test
2021-07-10 18:50:23.992333,dev/test
2021-07-10 18:50:24.105547,dev/test
2021-07-10 18:50:24.218764,dev/test
2021-07-10 18:50:24.331980,dev/test
2021-07-10 18:50:24.445195,dev/test
2021-07-10 18:50:24.559490,dev/test
2021-07-10 18:50:24.672698,dev/test
2021-07-10 18:50:24.785916,dev/test
2021-07-10 18:50:24.899130,dev/test
2021-07-10 18:50:25.002586,dev/test
2021-07-10 18:50:25.116779,dev/test
2021-07-10 18:50:25.232662,dev/test
2021-07-10 18:50:25.337094,dev/test
2021-07-10 18:50:25.450313,dev/test
2021-07-10 18:50:25.553741,dev/test
2021-07-10 18:50:25.666963,dev/test
2021-07-10 18:50:25.782794,dev/test
2021-07-10 18:50:25.896984,dev/test
2021-07-10 18:50:26.012152,dev/test
2021-07-10 18:50:26.125624,dev/test
2021-07-10 18:50:26.238839,dev/test
2021-07-10 18:50:26.352055,dev/test
2021-07-10 18:50:26.465271,dev/test
2021-07-10 18:50:26.578487,dev/test
2021-07-10 18:50:26.691703,dev/test
2021-07-10 18:50:26.804918,dev/test
2021-07-10 18:50:26.918134,dev/test
2021-07-10 18:50:27.031351,dev/test
2021-07-10 18:50:27.145541,dev/test
2021-07-10 18:50:27.258758,dev/test
2021-07-10 18:50:27.361237,dev/test
2021-07-10 18:50:27.475428,dev/test
2021-07-10 18:50:27.588645,dev/test
2021-07-10 18:50:27.701952,dev/test
2021-07-10 18:50:27.817566,dev/test
2021-07-10 18:50:27.931757,dev/test
2021-07-10 18:50:28.044973,dev/test
2021-07-10 18:50:28.159166,dev/test
2021-07-10 18:50:28.272380,#
2021-07-10 18:50:28.385597,#
2021-07-10 18:50:28.498813,#
2021-07-10 18:50:28.612028,#
2021-07-10 18:50:28.726220,#
2021-07-10 18:50:28.847345,#
2021-07-10 18:50:28.961534,#
2021-07-10 18:50:29.074750,#
2021-07-10 18:50:29.187966,#
2021-07-10 18:50:29.301182,#
2021-07-10 18:50:29.414398,#
2021-07-10 18:50:29.527640,#
2021-07-10 18:50:29.640829,#
2021-07-10 18:50:29.754045,#
2021-07-10 18:50:29.867260,#
2021-07-10 18:50:29.980477,#
2021-07-10 18:50:30.093692,#
2021-07-10 18:50:30.206907,#
2021-07-10 18:50:30.320124,#
2021-07-10 18:50:30.422602,#
2021-07-10 18:50:30.536795,#
2021-07-10 18:50:30.650011,#
2021-07-10 18:50:30.763227,#
2021-07-10 18:50:30.865706,#
2021-07-10 18:50:30.979898,#
2021-07-10 18:50:31.093114,#
2021-07-10 18:50:31.207305,#
2021-07-10 18:50:31.320521,#
2021-07-10 18:50:31.433736,#
2021-07-10 18:50:31.536216,#
2021-07-10 18:50:31.639803,#
2021-07-10 18:50:31.743259,#
2021-07-10 18:50:31.857450,#
2021-07-10 18:50:31.970667,#
2021-07-10 18:50:32.083883,#
2021-07-10 18:50:32.199050,#
2021-07-10 18:50:32.313241,#
2021-07-10 18:50:32.426458,#
2021-07-10 18:50:32.529913,#
2021-07-10 18:50:32.643129,#
2021-07-10 18:50:32.756345,#
2021-07-10 18:50:32.862986,#
2021-07-10 18:50:32.981081,#
2021-07-10 18:50:33.095271,#
2021-07-10 18:50:33.208487,#
2021-07-10 18:50:33.310967,#
2021-07-10 18:50:33.425159,#
2021-07-10 18:50:33.538374,#
2021-07-10 18:50:33.651589,#
2021-07-10 18:50:33.764805,#
2021-07-10 18:50:33.878021,#
2021-07-10 18:50:33.991237,#
2021-07-10 18:50:34.105428,#
2021-07-10 18:50:34.218644,#
2021-07-10 18:50:34.331861,#
2021-07-10 18:50:34.445077,#
2021-07-10 18:50:34.558292,#
2021-07-10 18:50:34.671508,#
2021-07-10 18:50:34.784723,#
2021-07-10 18:50:34.897938,#
2021-07-10 18:50:35.011182,#
2021-07-10 18:50:35.113634,#
2021-07-10 18:50:35.217090,#
2021-07-10 18:50:35.331282,#
2021-07-10 18:50:35.444497,#
2021-07-10 18:50:35.557738,#
2021-07-10 18:50:35.670930,#
2021-07-10 18:50:35.784145,#
2021-07-10 18:50:35.897361,#
2021-07-10 18:50:36.010576,#
2021-07-10 18:50:36.123793,#
2021-07-10 18:50:36.237008,#
2021-07-10 18:50:36.340464,#
2021-07-10 18:50:36.453680,#
2021-07-10 18:50:36.567042,#
2021-07-10 18:50:36.680258,#
2021-07-10 18:50:36.794456,#
2021-07-10 18:50:36.907670,#
2021-07-10 18:50:37.011099,#
2021-07-10 18:50:37.124342,#
2021-07-10 18:50:37.237558,#
2021-07-10 18:50:37.351752,#
2021-07-10 18:50:37.464965,#
2021-07-10 18:50:37.578181,#
2021-07-10 18:50:37.691397,#
2021-07-10 18:50:37.804585,#
2021-07-10 18:50:37.908041,#
2021-07-10 18:50:38.021257,#
2021-07-10 18:50:38.134500,#
2021-07-10 18:50:38.247715,#
2021-07-10 18:50:38.360934,#
2021-07-10 18:50:38.474147,#
2021-07-10 18:50:38.587365,#
2021-07-10 18:50:38.701585,#
2021-07-10 18:50:38.814774,#
2021-07-10 18:50:38.928994,#
2021-07-10 18:50:39.042209,#
2021-07-10 18:50:39.156402,#
2021-07-10 18:50:39.270594,#
2021-07-10 18:50:39.374022,#
2021-07-10 18:50:39.487237,house/+/light
2021-07-10 18:50:39.600476,house/+/light
2021-07-10 18:50:39.703939,house/+/light
2021-07-10 18:50:39.817152,house/+/light
2021-07-10 18:50:39.930340,house/+/light
2021-07-10 18:50:40.044531,house/+/light
2021-07-10 18:50:40.158751,house/+/light
2021-07-10 18:50:40.271967,house/+/light
2021-07-10 18:50:40.385178,house/+/light
2021-07-10 18:50:40.498393,house/+/light
2021-07-10 18:50:40.611614,house/+/light
2021-07-10 18:50:40.724832,house/+/light
2021-07-10 18:50:40.838042,house/+/light
2021-07-10 18:50:40.951264,house/+/light
2021-07-10 18:50:41.064478,house/+/light
2021-07-10 18:50:41.177693,house/+/light
2021-07-10 18:50:41.290943,house/+/light
2021-07-10 18:50:41.404129,house/+/light
2021-07-10 18:50:41.517344,house/+/light
2021-07-10 18:50:41.630560,house/+/light
2021-07-10 18:50:41.746175,house/+/light
2021-07-10 18:50:41.850582,house/+/light
2021-07-10 18:50:41.963828,house/+/light
2021-07-10 18:50:42.066305,house/+/light
2021-07-10 18:50:42.180497,house/+/light
2021-07-10 18:50:42.293948,house/+/light
2021-07-10 18:50:42.407164,house/+/light
2021-07-10 18:50:42.520381,house/+/light
2021-07-10 18:50:42.633595,house/+/light
2021-07-10 18:50:42.746811,house/+/light
2021-07-10 18:50:42.860027,house/+/light
2021-07-10 18:50:42.973242,house/+/light
2021-07-10 18:50:43.086458,house/+/light
2021-07-10 18:50:43.199673,house/+/light
2021-07-10 18:50:43.312890,house/+/light
2021-07-10 18:50:43.426106,house/+/light
2021-07-10 18:50:43.539322,house/+/light
2021-07-10 18:50:43.656929,house/+/light
2021-07-10 18:50:43.771124,house/+/light
2021-07-10 18:50:43.884336,house/+/light
2021-07-10 18:50:43.997554,house/+/light
2021-07-10 18:50:44.110765,house/+/light
2021-07-10 18:50:44.223981,house/+/light
2021-07-10 18:50:44.337174,house/+/light
2021-07-10 18:50:44.451388,house/+/light
2021-07-10 18:50:44.564581,house/+/light
2021-07-10 18:50:44.677825,house/+/light
2021-07-10 18:50:44.791035,house/+/light
2021-07-10 18:50:44.904256,house/+/light
2021-07-10 18:50:45.017472,house/+/light
2021-07-10 18:50:45.119947,house/+/light
2021-07-10 18:50:45.234145,house/+/light
2021-07-10 18:50:45.347354,house/+/light
2021-07-10 18:50:45.460570,house/+/light
2021-07-10 18:50:45.573791,house/+/light
2021-07-10 18:50:45.686979,house/+/light
2021-07-10 18:50:45.800222,house/+/light
2021-07-10 18:50:45.913440,house/+/light
2021-07-10 18:50:46.026648,house/+/light
2021-07-10 18:50:46.139872,house/+/light
2021-07-10 18:50:46.253100,house/+/light
2021-07-10 18:50:46.367277,house/+/light
2021-07-10 18:50:46.469759,house/+/light
2021-07-10 18:50:46.584925,house/+/light
2021-07-10 18:50:46.698141,house/+/light
2021-07-10 18:50:46.811356,house/+/light
2021-07-10 18:50:46.924573,house/+/light
2021-07-10 18:50:47.037790,house/+/light
2021-07-10 18:50:47.151021,house/+/light
2021-07-10 18:50:47.253456,house/+/light
2021-07-10 18:50:47.372879,house/+/light
2021-07-10 18:50:47.487042,house/+/light
2021-07-10 18:50:47.600286,house/+/light
2021-07-10 18:50:47.713496,house/+/light
2021-07-10 18:50:47.826717,house/+/light
2021-07-10 18:50:47.939935,house/+/light
2021-07-10 18:50:48.053149,house/+/light
2021-07-10 18:50:48.166365,house/+/light
2021-07-10 18:50:48.279553,house/+/light
2021-07-10 18:50:48.383009,house/+/light
2021-07-10 18:50:48.496249,house/+/light
2021-07-10 18:50:48.609467,house/+/light
2021-07-10 18:50:48.722679,house/+/light
2021-07-10 18:50:48.835894,house/+/light
2021-07-10 18:50:48.949115,house/+/light
2021-07-10 18:50:49.052564,house/+/light
2021-07-10 18:50:49.165801,house/+/light
2021-07-10 18:50:49.279981,house/+/light
2021-07-10 18:50:49.393194,house/+/light
2021-07-10 18:50:49.506411,house/+/light
2021-07-10 18:50:49.619629,house/+/light
2021-07-10 18:50:49.732836,house/+/light
2021-07-10 18:50:49.846056,house/+/light
2021-07-10 18:50:49.959268,house/+/light
2021-07-10 18:50:50.072484,house/+/light
2021-07-10 18:50:50.185699,house/+/light
2021-07-10 18:50:50.298915,house/+/light
2021-07-10 18:50:50.412132,house/+/light
2021-07-10 18:50:50.525356,house/+/light
2021-07-10 18:50:50.639545,house/+/light
