2021-04-24 22:44:20.794606,dev/tᅟesʱß‏,hi
2021-04-24 22:44:20.834622,dev/dev/test,hi
2021-04-24 22:44:20.835598,ev/st,hi
2021-04-24 22:44:20.835598,tdte,hi
2021-04-24 22:44:20.836574,dev/te󠀿st,hi
2021-04-24 22:44:20.836574,󠁝eev/test,hi
2021-04-24 22:44:20.836574,dev/󠁻test,hi
2021-04-24 22:44:20.837550,d󠁛ev/test,hi
2021-04-24 22:44:20.837550,dev/test,hi
2021-04-24 22:44:20.838526,vv/tet,hi
2021-04-24 22:44:20.838526,dev/t,hi
2021-04-24 22:44:20.839503,dest,hi
2021-04-24 22:44:20.839503,ʴdev/test,hi
2021-04-24 22:44:20.840479,deʱv/tfst,hi
2021-04-24 22:44:20.840479,test,hi
2021-04-24 22:44:20.841454,dev/tes󠀨t,hi
2021-04-24 22:44:20.842430,de󠁗v/test,hi
2021-04-24 22:44:20.842430,dv/test,hi
2021-04-24 22:44:20.842430,dev/te st,hi
2021-04-24 22:44:20.843426,/test,hi
2021-04-24 22:44:20.843426,dev/tes󠁜t,hi
2021-04-24 22:44:20.844384,dev/t󠀯est,hi
2021-04-24 22:44:20.844384,dev/t󠁗est,hi
2021-04-24 22:44:20.845361,dev/test,hi
2021-04-24 22:44:20.845361,dev/te󠀴st,hi
2021-04-24 22:44:20.846335,d󠁁t,hi
2021-04-24 22:44:20.846335,ใest,hi
2021-04-24 22:44:20.874638,e͏「ʶs,hi
2021-04-24 22:44:20.875615,eeettseΤ/,hi
2021-04-24 22:44:20.875615,dev0‭test,hi
2021-04-24 22:44:20.875615,dest,hi
2021-04-24 22:44:20.876589,devtst,hi
2021-04-24 22:44:20.876589,dev/tes,hi
2021-04-24 22:44:20.877567,dev/tt⁧st,hi
2021-04-24 22:44:20.877567,de/tet,hi
2021-04-24 22:44:20.877567,dev/testest,hi
2021-04-24 22:44:20.878542,d󠁭ːe󠁭ːe󠁘v/tst,hi
